{
  "status": "completed",
  "candidate_id": "C-011",
  "candidate_index": 10,
  "dropout": 0.2,
  "hidden_size": 10,
  "minibatch_size": 128,
  "learning_rate": 0.001,
  "max_grad_norm": 1.0,
  "lbw": 10,
  "dataset_registry_path": "/Users/bilalabdullajew/Arbeit/tradinglab/quantitive/Dev/Research/Slow Momentum with fast mean reversion/artifacts/manifests/dataset_registry.json",
  "output_dir": "/Users/bilalabdullajew/Arbeit/tradinglab/quantitive/Dev/Research/Slow Momentum with fast mean reversion/artifacts/training/candidates/candidate_010",
  "initial_validation_loss": "-0.27544325590133667",
  "best_validation_loss": "-0.40653884410858154",
  "best_epoch_index": 22,
  "epochs_completed": 48,
  "validation_losses": [
    "-0.37709435820579529",
    "-0.38784191012382507",
    "-0.40087482333183289",
    "-0.39237749576568604",
    "-0.39171630144119263",
    "-0.38668954372406006",
    "-0.37337815761566162",
    "-0.37502461671829224",
    "-0.37165337800979614",
    "-0.36835575103759766",
    "-0.36991420388221741",
    "-0.37750524282455444",
    "-0.3781617283821106",
    "-0.3760790228843689",
    "-0.37191164493560791",
    "-0.37688428163528442",
    "-0.36915391683578491",
    "-0.37728902697563171",
    "-0.38666653633117676",
    "-0.39728781580924988",
    "-0.38145872950553894",
    "-0.37629216909408569",
    "-0.40653884410858154",
    "-0.39858099818229675",
    "-0.3878486156463623",
    "-0.37070170044898987",
    "-0.37422752380371094",
    "-0.37878462672233582",
    "-0.34971305727958679",
    "-0.34151801466941833",
    "-0.35178494453430176",
    "-0.34558629989624023",
    "-0.35259741544723511",
    "-0.36111855506896973",
    "-0.34492182731628418",
    "-0.33355656266212463",
    "-0.34914916753768921",
    "-0.36168926954269409",
    "-0.34427446126937866",
    "-0.33086967468261719",
    "-0.35607722401618958",
    "-0.36947441101074219",
    "-0.32671597599983215",
    "-0.32980692386627197",
    "-0.31980612874031067",
    "-0.32979810237884521",
    "-0.36934605240821838",
    "-0.33059221506118774"
  ],
  "dataset_entry": {
    "lbw": 10,
    "feature_columns": [
      "normalized_return_1",
      "normalized_return_21",
      "normalized_return_63",
      "normalized_return_126",
      "normalized_return_256",
      "macd_8_24",
      "macd_16_28",
      "macd_32_96",
      "nu",
      "gamma"
    ],
    "sequence_length": 63,
    "train_sequence_count": 4991,
    "val_sequence_count": 513,
    "train_input_shape": [
      4991,
      63,
      10
    ],
    "train_target_shape": [
      4991,
      63
    ],
    "val_input_shape": [
      513,
      63,
      10
    ],
    "val_target_shape": [
      513,
      63
    ],
    "artifacts": {
      "train_inputs_path": "artifacts/datasets/lbw_10/train_inputs.npy",
      "train_target_scale_path": "artifacts/datasets/lbw_10/train_target_scale.npy",
      "val_inputs_path": "artifacts/datasets/lbw_10/val_inputs.npy",
      "val_target_scale_path": "artifacts/datasets/lbw_10/val_target_scale.npy",
      "train_sequence_index_path": "artifacts/datasets/lbw_10/train_sequence_index.csv",
      "val_sequence_index_path": "artifacts/datasets/lbw_10/val_sequence_index.csv"
    },
    "source_artifacts": {
      "split_manifest_path": "artifacts/datasets/lbw_10/split_manifest.csv",
      "sequence_manifest_path": "artifacts/datasets/lbw_10/sequence_manifest.csv",
      "target_alignment_registry_path": "artifacts/datasets/lbw_10/target_alignment_registry.csv"
    }
  },
  "artifacts": {
    "candidate_dir": "/Users/bilalabdullajew/Arbeit/tradinglab/quantitive/Dev/Research/Slow Momentum with fast mean reversion/artifacts/training/candidates/candidate_010",
    "config_path": "/Users/bilalabdullajew/Arbeit/tradinglab/quantitive/Dev/Research/Slow Momentum with fast mean reversion/artifacts/training/candidates/candidate_010/config.json",
    "best_model_path": "/Users/bilalabdullajew/Arbeit/tradinglab/quantitive/Dev/Research/Slow Momentum with fast mean reversion/artifacts/training/candidates/candidate_010/best_model.keras",
    "epoch_log_path": "/Users/bilalabdullajew/Arbeit/tradinglab/quantitive/Dev/Research/Slow Momentum with fast mean reversion/artifacts/training/candidates/candidate_010/epoch_log.csv",
    "validation_history_path": "/Users/bilalabdullajew/Arbeit/tradinglab/quantitive/Dev/Research/Slow Momentum with fast mean reversion/artifacts/training/candidates/candidate_010/validation_history.csv",
    "final_metadata_path": "/Users/bilalabdullajew/Arbeit/tradinglab/quantitive/Dev/Research/Slow Momentum with fast mean reversion/artifacts/training/candidates/candidate_010/final_metadata.json"
  }
}
