{
  "status": "completed",
  "candidate_id": "C-020",
  "candidate_index": 19,
  "dropout": 0.4,
  "hidden_size": 160,
  "minibatch_size": 64,
  "learning_rate": 0.01,
  "max_grad_norm": 100.0,
  "lbw": 21,
  "dataset_registry_path": "/Users/bilalabdullajew/Arbeit/tradinglab/quantitive/Dev/Research/Slow Momentum with fast mean reversion/artifacts/manifests/dataset_registry.json",
  "output_dir": "/Users/bilalabdullajew/Arbeit/tradinglab/quantitive/Dev/Research/Slow Momentum with fast mean reversion/artifacts/training/candidates/candidate_019",
  "initial_validation_loss": "-0.19476988911628723",
  "best_validation_loss": "-0.31548565626144409",
  "best_epoch_index": 22,
  "epochs_completed": 48,
  "validation_losses": [
    "-0.31021463871002197",
    "-0.31349506974220276",
    "-0.30869027972221375",
    "-0.31284996867179871",
    "-0.3124813437461853",
    "-0.31265720725059509",
    "-0.31023207306861877",
    "-0.31199967861175537",
    "-0.31084844470024109",
    "-0.31149750947952271",
    "-0.311287522315979",
    "-0.31016674637794495",
    "-0.31131276488304138",
    "-0.31083548069000244",
    "-0.31105539202690125",
    "-0.31094339489936829",
    "-0.31143447756767273",
    "-0.31020542979240417",
    "-0.31196743249893188",
    "-0.30852079391479492",
    "-0.30983373522758484",
    "-0.31078168749809265",
    "-0.31548565626144409",
    "-0.31031361222267151",
    "-0.30481743812561035",
    "-0.30904138088226318",
    "-0.30993962287902832",
    "-0.3126569390296936",
    "-0.30941393971443176",
    "-0.31012919545173645",
    "-0.31112402677536011",
    "0.21079491078853607",
    "-0.3085303008556366",
    "-0.30719703435897827",
    "-0.30873072147369385",
    "-0.30655592679977417",
    "-0.30157411098480225",
    "-0.29954192042350769",
    "-0.2965678870677948",
    "-0.30354312062263489",
    "-0.30454450845718384",
    "-0.30201295018196106",
    "-0.29916483163833618",
    "-0.30024513602256775",
    "-0.30522161722183228",
    "-0.31150156259536743",
    "-0.30865088105201721",
    "-0.30853402614593506"
  ],
  "dataset_entry": {
    "lbw": 21,
    "feature_columns": [
      "normalized_return_1",
      "normalized_return_21",
      "normalized_return_63",
      "normalized_return_126",
      "normalized_return_256",
      "macd_8_24",
      "macd_16_28",
      "macd_32_96",
      "nu",
      "gamma"
    ],
    "sequence_length": 63,
    "train_sequence_count": 4991,
    "val_sequence_count": 513,
    "train_input_shape": [
      4991,
      63,
      10
    ],
    "train_target_shape": [
      4991,
      63
    ],
    "val_input_shape": [
      513,
      63,
      10
    ],
    "val_target_shape": [
      513,
      63
    ],
    "artifacts": {
      "train_inputs_path": "artifacts/datasets/lbw_21/train_inputs.npy",
      "train_target_scale_path": "artifacts/datasets/lbw_21/train_target_scale.npy",
      "val_inputs_path": "artifacts/datasets/lbw_21/val_inputs.npy",
      "val_target_scale_path": "artifacts/datasets/lbw_21/val_target_scale.npy",
      "train_sequence_index_path": "artifacts/datasets/lbw_21/train_sequence_index.csv",
      "val_sequence_index_path": "artifacts/datasets/lbw_21/val_sequence_index.csv"
    },
    "source_artifacts": {
      "split_manifest_path": "artifacts/datasets/lbw_21/split_manifest.csv",
      "sequence_manifest_path": "artifacts/datasets/lbw_21/sequence_manifest.csv",
      "target_alignment_registry_path": "artifacts/datasets/lbw_21/target_alignment_registry.csv"
    }
  },
  "artifacts": {
    "candidate_dir": "/Users/bilalabdullajew/Arbeit/tradinglab/quantitive/Dev/Research/Slow Momentum with fast mean reversion/artifacts/training/candidates/candidate_019",
    "config_path": "/Users/bilalabdullajew/Arbeit/tradinglab/quantitive/Dev/Research/Slow Momentum with fast mean reversion/artifacts/training/candidates/candidate_019/config.json",
    "best_model_path": "/Users/bilalabdullajew/Arbeit/tradinglab/quantitive/Dev/Research/Slow Momentum with fast mean reversion/artifacts/training/candidates/candidate_019/best_model.keras",
    "epoch_log_path": "/Users/bilalabdullajew/Arbeit/tradinglab/quantitive/Dev/Research/Slow Momentum with fast mean reversion/artifacts/training/candidates/candidate_019/epoch_log.csv",
    "validation_history_path": "/Users/bilalabdullajew/Arbeit/tradinglab/quantitive/Dev/Research/Slow Momentum with fast mean reversion/artifacts/training/candidates/candidate_019/validation_history.csv",
    "final_metadata_path": "/Users/bilalabdullajew/Arbeit/tradinglab/quantitive/Dev/Research/Slow Momentum with fast mean reversion/artifacts/training/candidates/candidate_019/final_metadata.json"
  }
}
