{
  "status": "completed",
  "candidate_id": "C-001",
  "candidate_index": 0,
  "dropout": 0.3,
  "hidden_size": 5,
  "minibatch_size": 256,
  "learning_rate": 0.001,
  "max_grad_norm": 1.0,
  "lbw": 252,
  "dataset_registry_path": "/Users/bilalabdullajew/Arbeit/tradinglab/quantitive/Dev/Research/Slow Momentum with fast mean reversion/artifacts/manifests/dataset_registry.json",
  "output_dir": "/Users/bilalabdullajew/Arbeit/tradinglab/quantitive/Dev/Research/Slow Momentum with fast mean reversion/artifacts/training/candidates/candidate_000",
  "initial_validation_loss": "-0.24907711148262024",
  "best_validation_loss": "-0.41307878494262695",
  "best_epoch_index": 9,
  "epochs_completed": 35,
  "validation_losses": [
    "-0.30356994271278381",
    "-0.34744629263877869",
    "-0.37386265397071838",
    "-0.38987690210342407",
    "-0.39890068769454956",
    "-0.40388283133506775",
    "-0.40964281558990479",
    "-0.41241523623466492",
    "-0.41262352466583252",
    "-0.41307878494262695",
    "-0.41133445501327515",
    "-0.4091622531414032",
    "-0.40706953406333923",
    "-0.40568616986274719",
    "-0.40324753522872925",
    "-0.40317273139953613",
    "-0.40219685435295105",
    "-0.4016207754611969",
    "-0.40056675672531128",
    "-0.40057599544525146",
    "-0.40026134252548218",
    "-0.3999316394329071",
    "-0.39892923831939697",
    "-0.39959409832954407",
    "-0.39939051866531372",
    "-0.39986816048622131",
    "-0.40026992559432983",
    "-0.399391770362854",
    "-0.39859461784362793",
    "-0.3984101414680481",
    "-0.39825546741485596",
    "-0.39782336354255676",
    "-0.39697012305259705",
    "-0.39618074893951416",
    "-0.39812982082366943"
  ],
  "dataset_entry": {
    "lbw": 252,
    "feature_columns": [
      "normalized_return_1",
      "normalized_return_21",
      "normalized_return_63",
      "normalized_return_126",
      "normalized_return_256",
      "macd_8_24",
      "macd_16_28",
      "macd_32_96",
      "nu",
      "gamma"
    ],
    "sequence_length": 63,
    "train_sequence_count": 4990,
    "val_sequence_count": 511,
    "train_input_shape": [
      4990,
      63,
      10
    ],
    "train_target_shape": [
      4990,
      63
    ],
    "val_input_shape": [
      511,
      63,
      10
    ],
    "val_target_shape": [
      511,
      63
    ],
    "artifacts": {
      "train_inputs_path": "artifacts/datasets/lbw_252/train_inputs.npy",
      "train_target_scale_path": "artifacts/datasets/lbw_252/train_target_scale.npy",
      "val_inputs_path": "artifacts/datasets/lbw_252/val_inputs.npy",
      "val_target_scale_path": "artifacts/datasets/lbw_252/val_target_scale.npy",
      "train_sequence_index_path": "artifacts/datasets/lbw_252/train_sequence_index.csv",
      "val_sequence_index_path": "artifacts/datasets/lbw_252/val_sequence_index.csv"
    },
    "source_artifacts": {
      "split_manifest_path": "artifacts/datasets/lbw_252/split_manifest.csv",
      "sequence_manifest_path": "artifacts/datasets/lbw_252/sequence_manifest.csv",
      "target_alignment_registry_path": "artifacts/datasets/lbw_252/target_alignment_registry.csv"
    }
  },
  "artifacts": {
    "candidate_dir": "/Users/bilalabdullajew/Arbeit/tradinglab/quantitive/Dev/Research/Slow Momentum with fast mean reversion/artifacts/training/candidates/candidate_000",
    "config_path": "/Users/bilalabdullajew/Arbeit/tradinglab/quantitive/Dev/Research/Slow Momentum with fast mean reversion/artifacts/training/candidates/candidate_000/config.json",
    "best_model_path": "/Users/bilalabdullajew/Arbeit/tradinglab/quantitive/Dev/Research/Slow Momentum with fast mean reversion/artifacts/training/candidates/candidate_000/best_model.keras",
    "epoch_log_path": "/Users/bilalabdullajew/Arbeit/tradinglab/quantitive/Dev/Research/Slow Momentum with fast mean reversion/artifacts/training/candidates/candidate_000/epoch_log.csv",
    "validation_history_path": "/Users/bilalabdullajew/Arbeit/tradinglab/quantitive/Dev/Research/Slow Momentum with fast mean reversion/artifacts/training/candidates/candidate_000/validation_history.csv",
    "final_metadata_path": "/Users/bilalabdullajew/Arbeit/tradinglab/quantitive/Dev/Research/Slow Momentum with fast mean reversion/artifacts/training/candidates/candidate_000/final_metadata.json"
  }
}
