{
  "annualized_return": 0.14833174318878264,
  "annualized_volatility": 0.15,
  "annualized_downside_deviation": 0.1085461448522794,
  "sharpe_ratio": 0.9888782879252177,
  "sortino_ratio": 1.3665316570261203,
  "maximum_drawdown": -0.1995505539651704,
  "calmar_ratio": 0.7433291476337995,
  "percentage_positive_daily_returns": 53.68956743002544,
  "selected_candidate_id": "C-031",
  "selected_lbw": 63,
  "daily_observation_count": 786,
  "rescaling_factor": 0.6918857192895103
}
